Train No,Train Name,Arrival time,Distance,Source Station,Source Station Name,Destination Station,Destination Station Name,Duration
10103,MANDOVI EXPR,15-05-2024 18:45,590,CSMT,CST-MUMBAI,MAO,MADGOAN JN.,0 days 11:35:00
10104,MANDOVI EXPR,15-05-2024 12:24,176,MAO,MADGOAN JN.,CSMT,CST-MUMBAI,0 days 03:09:00
1011,CSMT-NGP SF,15-05-2024 14:20,841,CSMT,CST-MUMBAI,NGP,NAGPUR JN.(CR),0 days 14:00:00
1037,LTT-SWV SPL,15-05-2024 10:30,513,LTT,LOKMANYA TILAK TERMINUS,SWV,SAWANTWADI ROAD,0 days 09:20:00
1038,SWV-LTT SPL,15-05-2024 00:20,503,SWV,SAWANTWADI ROAD,LTT,LOKMANYA TILAK TERMINUS,0 days 13:45:00
1045,LTT-KRMI SPL,15-05-2024 11:00,563,LTT,LOKMANYA TILAK TERMINUS,KRMI,KARMALI,0 days 09:50:00
107,SWV-MAO-VLNK,15-05-2024 12:10,78,SWV,SAWANTWADI ROAD,MAO,MADGOAN JN.,0 days 01:45:00
108,VLNK-MAO-SWV,15-05-2024 22:25,83,MAO,MADGOAN JN.,SWV,SAWANTWADI ROAD,0 days 01:55:00
1119,AJNI-KRMI SP,15-05-2024 20:30,1329,AJNI,AJNI,KRMI,KARMALI,0 days 00:40:00
1120,KRMI-AJNI SP,15-05-2024 22:00,1319,KRMI,KARMALI,AJNI,AJNI,0 days 00:30:00
1122,KRMI-CSMT SP,15-05-2024 10:30,569,KRMI,KARMALI,CSMT,CST-MUMBAI,0 days 12:00:00
1196,NGP-KRMI SPL,15-05-2024 21:30,1332,NGP,NAGPUR JN.(CR),KRMI,KARMALI,0 days 01:40:00
128,MAO-KOP SPEC,15-05-2024 17:45,978,MAO,MADGOAN JN.,KOP,CHHATRAPATI SHAHU MAHARAJ TERMINUS,0 days 01:55:00
1301,PUNE-MAJN WE,15-05-2024 12:30,976,PUNE,PUNE JN.,MAJN,MANGALORE JN,0 days 06:20:00
1302,MAJN-PUNE WE,15-05-2024 13:10,973,MAJN,MANGALORE JN,PUNE,PUNE JN.,0 days 02:35:00
1442,DSJ-KK MTY S,15-05-2024 02:15,1581,DSJ,DELHI-SAFDAR JANG,KK,KHADKI,0 days 09:00:00
1655,PUNE-JBP SPL,15-05-2024 06:15,1050,PUNE,PUNE JN.,JBP,JABALPUR,0 days 04:30:00
1656,JBP-PUNE SPL,15-05-2024 14:05,1050,JBP,JABALPUR,PUNE,PUNE JN.,0 days 05:25:00
1705,BDTS-JBP SF,15-05-2024 21:40,1261,BDTS,BANDRA TERMINUS,JBP,JABALPUR,0 days 21:25:00
1706,JBP-BDTS SF,15-05-2024 11:15,1262,JBP,JABALPUR,BDTS,BANDRA TERMINUS,0 days 03:05:00
1707,JBP-ATT BI-W,15-05-2024 11:45,1360,JBP,JABALPUR,ATT,ATARI JN,0 days 02:30:00
1708,ATT-JBP BI-W,15-05-2024 17:20,1362,ATT,ATARI JN,JBP,JABALPUR,0 days 02:35:00
2025,CSMT-KRMI SF,15-05-2024 13:20,579,CSMT,CST-MUMBAI,KRMI,KARMALI,0 days 08:20:00
2026,KRMI-CSMT SF,15-05-2024 23:00,569,KRMI,KARMALI,CSMT,CST-MUMBAI,0 days 08:30:00
2191,JBP-SRC SF S,15-05-2024 16:00,1123,JBP,JABALPUR,SRC,SANTRAGACHI JN.,0 days 04:10:00
2192,SRC-JBP SF S,15-05-2024 15:50,1123,SRC,SANTRAGACHI JN.,JBP,JABALPUR,0 days 04:50:00
2195,REWA-BPL SF,15-05-2024 23:00,551,REWA,REWA,BPL,BHOPAL,0 days 09:40:00
2196,BPL-REWA SF,15-05-2024 09:45,549,BPL,BHOPAL,REWA,REWA,0 days 14:00:00
2515,TVC-SCL SPL,15-05-2024 05:00,3939,TVC,TRIVANDRUM CENTRAL,SCL,SILCHAR,0 days 04:55:00
2651,PLNI-POY EXP,15-05-2024 09:10,62,PLNI,PALANI,POY,POLLACHI,0 days 01:25:00
2652,POY-PLNI EXP,15-05-2024 18:10,62,POY,POLLACHI,PLNI,PALANI,0 days 01:25:00
2731,HYB-JP HSP,15-05-2024 06:25,1854,HYB,HYDERABAD DECCAN,JP,JAIPUR JN.,0 days 10:00:00
2732,JP-HYB SPECI,15-05-2024 02:00,1853,JP,JAIPUR JN.,HYB,HYDERABAD DECCAN,0 days 12:35:00
2821,PUNE-SRC AC,15-05-2024 18:15,2066,PUNE,PUNE JN.,SRC,SANTRAGACHI JN.,0 days 07:45:00
2822,SRC-PUNE  AC,15-05-2024 02:45,2073,SRC,SANTRAGACHI JN.,PUNE,PUNE JN.,0 days 15:45:00
2833,RJT-SRC SF A,15-05-2024 16:35,2332,RJT,RAJKOT,SRC,SANTRAGACHI JN.,0 days 05:45:00
2834,SRC-RJT SF A,15-05-2024 13:45,2351,SRC,SANTRAGACHI JN.,RJT,RAJKOT,0 days 07:20:00
2841,SRC MAS SPL,15-05-2024 15:20,1656,SRC,SANTRAGACHI JN.,MAS,CHENNAI CENTRAL,0 days 02:40:00
2842,MAS SRC SPL,15-05-2024 23:30,1656,MAS,CHENNAI CENTRAL,SRC,SANTRAGACHI JN.,0 days 05:10:00
2845,PUNE HTE SPL,15-05-2024 18:20,1770,PUNE,PUNE JN.,HTE,HATIA,0 days 07:35:00
2846,HTE-PUNE SPL,15-05-2024 02:45,1791,HTE,HATIA,PUNE,PUNE JN.,0 days 18:15:00
290,PALACE ON WH,15-05-2024 02:30,2694,DSJ,DELHI-SAFDAR JANG,DSJ,DELHI-SAFDAR JANG,0 days 16:00:00
3101,KOAA PURI SP,15-05-2024 11:50,523,KOAA,KOLKATA,PURI,PURI,0 days 12:05:00
3102,PURI KOAA SP,15-05-2024 10:25,522,PURI,PURI,KOAA,KOLKATA,0 days 12:20:00
3301,ASN-DHN MEMU,15-05-2024 11:35,58,ASN,ASANSOL MAIN,DHN,DHANBAD JN.,0 days 01:25:00
3302,DHN-ASN MEMU,15-05-2024 13:10,58,DHN,DHANBAD JN.,ASN,ASANSOL MAIN,0 days 01:25:00
3305,DHN-KUSUNDA,15-05-2024 11:50,3,DHN,DHANBAD JN.,KDS,KUSUNDA,0 days 00:20:00
3306,KUSUNDA-DHN,15-05-2024 12:25,3,KDS,KUSUNDA,DHN,DHANBAD JN.,0 days 00:20:00
3307,SZE-PLJE MEM,15-05-2024 15:15,4,SZE,SONARDIH,PLJE,PHULWARTANR,0 days 00:35:00
3308,PLJE-SZE MEM,15-05-2024 13:45,4,PLJE,PHULWARTANR,SZE,SONARDIH,0 days 00:30:00
3501,JSME-ANVT BI,15-05-2024 14:10,1193,JSME,JASIDIH JN.,ANVT,ANAND VIHAR TERMINAL,0 days 04:20:00
3502,ANVT-JSME BI,15-05-2024 17:30,1193,ANVT,ANAND VIHAR TERMINAL,JSME,JASIDIH JN.,0 days 02:20:00
401,BSB BHARATDA,15-05-2024 10:00,1618,AWB,AURANGABAD,BSB,VARANASI JN.,0 days 11:30:00
421,LKO-SVDK FTR,15-05-2024 08:00,1276,LKO,LUCKNOW JN.,SVDK,SHRI MATA VAISHNO DEVI KATRA,0 days 15:00:00
422,SVDK-LKO FTR,15-05-2024 14:30,1277,SVDK,SHRI MATA VAISHNO DEVI KATRA,LKO,LUCKNOW JN.,0 days 02:45:00
4401,ANVT-UHP EXP,15-05-2024 13:00,710,ANVT,ANAND VIHAR TERMINAL,SVDK,SHRI MATA VAISHNO DEVI KATRA,0 days 09:20:00
4402,UHP-ANVT EXP,15-05-2024 14:05,710,SVDK,SHRI MATA VAISHNO DEVI KATRA,ANVT,ANAND VIHAR TERMINAL,0 days 09:45:00
4409,DLI-SVDK SPL,15-05-2024 11:30,653,DLI,DELHI JN.,SVDK,SHRI MATA VAISHNO DEVI KATRA,0 days 09:40:00
4410,SVDK-DLI SPL,15-05-2024 03:15,653,SVDK,SHRI MATA VAISHNO DEVI KATRA,DLI,DELHI JN.,0 days 10:15:00
4419,MAO-NZM WINT,15-05-2024 16:55,1916,MAO,MADGOAN JN.,NZM,HAZRAT NIZAMUDDIN JN,0 days 06:15:00
4420,NZM-MAO WINT,15-05-2024 19:40,1924,NZM,HAZRAT NIZAMUDDIN JN,MAO,MADGOAN JN.,0 days 04:05:00
4735,BKN - HW EXP,15-05-2024 10:25,691,BKN,BIKANER JN.,HW,HARIDWAR JN,0 days 09:20:00
4736,HW - BKN EXP,15-05-2024 09:25,691,HW,HARIDWAR JN,BKN,BIKANER JN.,0 days 10:25:00
4767,HMH-SGNR SPL,15-05-2024 16:05,67,HMH,HANUMANGARH JN.,SGNR,SHRI GANGANAGAR,0 days 01:40:00
4768,SGNR-HMH SPL,15-05-2024 13:00,67,SGNR,SHRI GANGANAGAR,HMH,HANUMANGARH JN.,0 days 01:50:00
4769,HMH SGNR PAS,15-05-2024 19:30,67,HMH,HANUMANGARH JN.,SGNR,SHRI GANGANAGAR,0 days 01:45:00
477,FTR TRAIN NO,15-05-2024 15:20,2616,SSA,SIRSA,SSA,SIRSA,0 days 03:10:00
4770,SGNR HMH PAS,15-05-2024 17:05,67,SGNR,SHRI GANGANAGAR,HMH,HANUMANGARH JN.,0 days 01:35:00
4771,SDLP-SGNR SP,15-05-2024 08:45,232,SDLP,SADULPUR JN,SGNR,SHRI GANGANAGAR,0 days 06:10:00
4772,SGNR-SDLP SP,15-05-2024 01:00,232,SGNR,SHRI GANGANAGAR,SDLP,SADULPUR JN,0 days 17:45:00
4773,SGNR SOG SPL,15-05-2024 22:40,125,SGNR,SHRI GANGANAGAR,SOG,SURATGARH JN.,0 days 03:05:00
4774,SOG SGNR SPL,15-05-2024 03:55,125,SOG,SURATGARH JN.,SGNR,SHRI GANGANAGAR,0 days 02:35:00
4801,PBC MKN PASS,15-05-2024 07:30,21,PBC,PARVATSAR CITY,MKN,MAKRANA JN.,0 days 01:00:00
4802,MKN PBC PASS,15-05-2024 20:20,21,MKN,MAKRANA JN.,PBC,PARVATSAR CITY,0 days 01:00:00
4831,JU HW SPL,15-05-2024 10:45,882,JU,JODHPUR JN.,HW,HARIDWAR JN,0 days 02:45:00
4832,HW JU SPL,15-05-2024 11:45,881,HW,HARIDWAR JN,JU,JODHPUR JN.,0 days 05:00:00
4851,MTD RTGH SPL,15-05-2024 11:30,197,MTD,MERTA ROAD JN.,RTGH,RATANAGARH JN,0 days 04:40:00
4852,RTGH MTD SPL,15-05-2024 22:00,197,RTGH,RATANAGARH JN,MTD,MERTA ROAD JN.,0 days 05:05:00
4853,RTGH CUR SPL,15-05-2024 13:10,42,RTGH,RATANAGARH JN,CUR,CHURU,0 days 01:15:00
4854,CUR RTGH SPL,15-05-2024 16:45,42,CUR,CHURU,RTGH,RATANAGARH JN,0 days 01:00:00
4921,SRE-UMB MEMU,15-05-2024 06:30,81,SRE,SAHARANPUR JN.,UMB,AMBALA CANTT JN,0 days 01:45:00
4922,UMB-SRE MEMU,15-05-2024 22:40,81,UMB,AMBALA CANTT JN,SRE,SAHARANPUR JN.,0 days 01:55:00
4991,PTK-JAT DEMU,15-05-2024 17:10,99,PTK,PATHANKOT JN.,JAT,JAMMU TAWI,0 days 02:30:00
4992,JAT-PTK DEMU,15-05-2024 12:10,99,JAT,JAMMU TAWI,PTK,PATHANKOT JN.,0 days 02:20:00
502,RJPB-UMB FTR,15-05-2024 09:30,1206,RJPB,RAJENDRANAGAR TERMINAL,UMB,AMBALA CANTT JN,0 days 01:00:00
504,PNBE-BTI FTR,15-05-2024 10:00,1313,PNBE,PATNA JN.,BTI,BATHINDA JN,0 days 01:00:00
506,PNBE-PTA FTR,15-05-2024 15:45,1161,PNBE,PATNA JN.,PTA,PATIALA,0 days 01:30:00
5061,GKP - BNY SP,15-05-2024 09:50,112,GKP,GORAKHPUR JN.,BNY,BARHNI,0 days 03:05:00
5062,BNY - GKP SP,15-05-2024 20:05,112,BNY,BARHNI,GKP,GORAKHPUR JN.,0 days 02:45:00
5065,CPR-LJN,15-05-2024 08:15,503,CPR,CHHAPRA JN.,LJN,LUCKNOW JN.,0 days 11:15:00
5066,LJN-CPR-EXP,15-05-2024 08:25,505,LJN,LUCKNOW JN.,CPR,CHHAPRA JN.,0 days 12:00:00
5105,GKP-BST SPL,15-05-2024 13:35,64,GKP,GORAKHPUR JN.,BST,BASTI,0 days 01:50:00
5106,BST-GKP SPL,15-05-2024 15:40,64,BST,BASTI,GKP,GORAKHPUR JN.,0 days 01:30:00
5305,CPA-FBD EXP,15-05-2024 18:25,136,CPA,KANPUR ANWARGANJ,FBD,FARRUKHABAD JN,0 days 03:30:00
5306,FBD- CPA EXP,15-05-2024 14:30,136,FBD,FARRUKHABAD JN,CPA,KANPUR ANWARGANJ,0 days 02:55:00
5309,BC-LKU SPL,15-05-2024 22:45,81,BC,BAREILLY CITY,LKU,LALKUA JN.,0 days 01:50:00
5310,LKU-BC EXP,15-05-2024 19:25,81,LKU,LALKUA JN.,BC,BAREILLY CITY,0 days 01:55:00
5521,JMP-SHC SPEC,15-05-2024 00:25,81,JMP,JAMALPUR JN.,SHC,SAHARSA JN.,0 days 20:15:00
5522,SHC-JMP SPEC,15-05-2024 08:00,81,SHC,SAHARSA JN.,JMP,JAMALPUR JN.,0 days 02:50:00
557,RSD-PJP BSF,15-05-2024 11:00,1301,URK,URKURA,PJP,PANJIPARA,0 days 12:30:00
5613,JLWC-KOTA SP,15-05-2024 08:05,85,JLWC,JHALAWAR CITY,KOTA,KOTA,0 days 02:05:00
5614,KOTA-JLWC SP,15-05-2024 21:25,85,KOTA,KOTA,JLWC,JHALAWAR CITY,0 days 02:15:00
5619,NLP - MZS PA,15-05-2024 17:30,153,NLP,NORTH LAKHIMPUR,MZS,MURKEONG SELEK,0 days 04:10:00
5620,MZS - NLP PA,15-05-2024 12:50,153,MZS,MURKEONG SELEK,NLP,NORTH LAKHIMPUR,0 days 04:05:00
5631,GHY - SCL PA,15-05-2024 05:55,380,GHY,GUWAHATI,SCL,SILCHAR,0 days 11:35:00
5632,SCL - GHY PA,15-05-2024 07:45,379,SCL,SILCHAR,GHY,GUWAHATI,0 days 11:35:00
5715,GAREEB NAWAZ,15-05-2024 05:10,87,NJP,NEW JALPAIGURI JN,KNE,KISHANGANJ,0 days 02:10:00
5716,GAREEB NAWAZ,15-05-2024 06:30,87,KNE,KISHANGANJ,NJP,NEW JALPAIGURI JN,0 days 02:30:00
5719,KIR - SGUJ D,15-05-2024 03:15,204,KIR,KATIHAR JN.,SGUJ,SILIGURI JN.,0 days 20:00:00
5720,SGUJ - KIR D,15-05-2024 23:00,205,SGUJ,SILIGURI JN.,KIR,KATIHAR JN.,0 days 05:00:00
5863,RNY - RPAN P,15-05-2024 21:25,89,RNY,RANGIYA JN.,RPAN,RANGAPARA NORTH,0 days 03:05:00
5864,RPAN - RNY P,15-05-2024 07:45,88,RPAN,RANGAPARA NORTH,RNY,RANGIYA JN.,0 days 02:45:00
5865,RNY - MZS PA,15-05-2024 20:20,426,RNY,RANGIYA JN.,MZS,MURKEONG SELEK,0 days 12:05:00
5866,MZS - RNY PA,15-05-2024 17:45,425,MZS,MURKEONG SELEK,RNY,RANGIYA JN.,0 days 11:45:00
6001,MS-TEN SPECI,15-05-2024 10:30,649,MS,CHENNAI EGMORE,TEN,TIRUNELVELI JN,0 days 11:20:00
6002,TEN - MS SPE,15-05-2024 03:30,649,TEN,TIRUNELVELI JN,MS,CHENNAI EGMORE,0 days 11:30:00
6006,ERS-MAS SPL,15-05-2024 10:30,699,ERS,ERNAKULAM. JN,MAS,CHENNAI CENTRAL,0 days 08:55:00
6009,SRC-PDY SPL,15-05-2024 20:15,1844,SRC,SANTRAGACHI JN.,PDY,PONDICHERRY,0 days 06:05:00
6010,PDY-SRC SPL,15-05-2024 04:30,1843,PDY,PONDICHERRY,SRC,SANTRAGACHI JN.,0 days 14:45:00
604,PNBE-ASR FTR,15-05-2024 16:00,1429,PNBE,PATNA JN.,ASR,AMRITSAR JN.,0 days 03:30:00
6041,MAS-QLN SPEC,15-05-2024 11:00,849,MAS,CHENNAI CENTRAL,QLN,QUILON,0 days 07:20:00
6042,QLN-MAS SPEC,15-05-2024 08:30,851,QLN,QUILON,MAS,CHENNAI CENTRAL,0 days 07:45:00
6043,MAS-QLN SPL,15-05-2024 14:30,849,MAS,CHENNAI CENTRAL,QLN,QUILON,0 days 08:00:00
6044,QLN-MAS  SPL,15-05-2024 07:20,852,QLN,QUILON,MAS,CHENNAI CENTRAL,0 days 07:55:00
6046,QLN-MAS SPEC,15-05-2024 08:45,852,QLN,QUILON,MAS,CHENNAI CENTRAL,0 days 06:00:00
6047,MAS-QLN SPL,15-05-2024 10:30,849,MAS,CHENNAI CENTRAL,QLN,QUILON,0 days 07:50:00
6048,QLN- MAS SPL,15-05-2024 06:30,852,QLN,QUILON,MAS,CHENNAI CENTRAL,0 days 07:00:00
6049,MS-QLN SPL F,15-05-2024 05:50,855,MS,CHENNAI EGMORE,QLN,QUILON,0 days 08:55:00
6050,QLN-MS  SPL,15-05-2024 05:30,857,QLN,QUILON,MS,CHENNAI EGMORE,0 days 07:30:00
6053,KCVL-MAJN S/,15-05-2024 05:10,626,KCVL,KOCHUVELI,MAJN,MANGALORE JN,0 days 13:25:00
6054,MAJN-KCVL S/,15-05-2024 05:00,627,MAJN,MANGALORE JN,KCVL,KOCHUVELI,0 days 10:40:00
6057,SRC-MAS  SPL,15-05-2024 05:30,1656,SRC,SANTRAGACHI JN.,MAS,CHENNAI CENTRAL,0 days 18:20:00
6058,MAS-SRC  EXP,15-05-2024 19:00,1655,MAS,CHENNAI CENTRAL,SRC,SANTRAGACHI JN.,0 days 03:45:00
6065,CGL-MDU SPL,15-05-2024 06:45,500,CGL,CHENGALPATTU,MDU,MADURAI JN,0 days 10:35:00
6066,MDU-CGL SPL,15-05-2024 02:30,501,MDU,MADURAI JN,CGL,CHENGALPATTU,0 days 13:25:00
6067,CGL-CBE TRI-,15-05-2024 05:40,522,CGL,CHENGALPATTU,CBE,COIMBATORE  JN.,0 days 14:05:00
6068,CBE-CGL TRI-,15-05-2024 05:25,522,CBE,COIMBATORE  JN.,CGL,CHENGALPATTU,0 days 12:05:00
6081,CBE-POY PASS,15-05-2024 14:45,45,CBE,COIMBATORE  JN.,POY,POLLACHI,0 days 01:10:00
6082,POY-CBE PASS,15-05-2024 16:15,45,POY,POLLACHI,CBE,COIMBATORE  JN.,0 days 01:10:00
6412,DSJ-PAY EZHI,15-05-2024 16:20,2462,DSJ,DELHI-SAFDAR JANG,PAY,PAYYANUR,0 days 05:10:00
6512,MKM-BAND ONE,15-05-2024 10:20,77,MKM,MARIKUPPAM,BAND,BANASWADI,0 days 02:20:00
6513,BWT-MKM-MEMU,15-05-2024 07:45,17,BWT,BANGARPET JN.,MKM,MARIKUPPAM,0 days 00:35:00
6541,YPR-PVR WEEK,15-05-2024 11:35,881,YPR,YESVANTPUR JN.,PVR,PANDHARPUR,0 days 06:25:00
6542,PVR-YPR WEEK,15-05-2024 06:20,878,PVR,PANDHARPUR,YPR,YESVANTPUR JN.,0 days 07:15:00
6547,YPR-ERS WEEK,15-05-2024 10:30,632,YPR,YESVANTPUR JN.,ERS,ERNAKULAM. JN,0 days 12:15:00
6548,ERS-YPR WEEK,15-05-2024 04:30,634,ERS,ERNAKULAM. JN,YPR,YESVANTPUR JN.,0 days 10:15:00
6579,YPR-VSKP WKY,15-05-2024 14:35,1089,YPR,YESVANTPUR JN.,VSKP,VISAKHAPATNAM,0 days 04:00:00
6580,VSKP-YPR WKY,15-05-2024 09:05,1086,VSKP,VISAKHAPATNAM,YPR,YESVANTPUR JN.,0 days 04:40:00
6581,YPR-BGM TATK,15-05-2024 09:31,607,YPR,YESVANTPUR JN.,BGM,BELGAUM,0 days 10:44:00
6582,BGM-YPR TATK,15-05-2024 08:26,604,BGM,BELGAUM,YPR,YESVANTPUR JN.,0 days 10:44:00
6591,YPR-HSRA PAS,15-05-2024 08:00,62,YPR,YESVANTPUR JN.,HSRA,HOSUR,0 days 01:30:00
6592,HSRA-YPR PAS,15-05-2024 09:50,61,HSRA,HOSUR,YPR,YESVANTPUR JN.,0 days 01:35:00
6593,WFD-BYPL DEM,15-05-2024 18:40,10,WFD,WHITE FIELD,BYPL,BAIYYAPPANAHALLI,0 days 00:25:00
6594,BYPL-WFD DEM,15-05-2024 08:50,10,BYPL,BAIYYAPPANAHALLI,WFD,WHITE FIELD,0 days 00:25:00
6595,YPR-CBP PASS,15-05-2024 11:25,33,YPR,YESVANTPUR JN.,DHL,DEVANHALLI,0 days 00:50:00
6596,CBP-YPR PASS,15-05-2024 14:25,33,DHL,DEVANHALLI,YPR,YESVANTPUR JN.,0 days 01:10:00
6647,KRBA-BSP PAS,15-05-2024 07:40,89,KRBA,KORBA,BSP,BILASPUR JN.,0 days 02:10:00
6648,BSP-KRRBA PA,15-05-2024 18:30,89,BSP,BILASPUR JN.,KRBA,KORBA,0 days 02:30:00
6769,PGTN-PLNI PA,15-05-2024 07:30,116,PGTN,PALGHAT TOWN,PLNI,PALANI,0 days 02:40:00
6770,PLNI-PGTN PA,15-05-2024 22:30,116,PLNI,PALANI,PGTN,PALGHAT TOWN,0 days 03:05:00
6851,KIK-NCR DEMU,15-05-2024 06:20,10,KIK,KARAIKAL,NCR,NAGORE,0 days 00:20:00
6852,NCR-KIK DEMU,15-05-2024 21:30,10,NCR,NAGORE,KIK,KARAIKAL,0 days 00:25:00
6853,KIK-NCR PASS,15-05-2024 15:08,10,KIK,KARAIKAL,NCR,NAGORE,0 days 00:23:00
6854,NCR-KIK PASS,15-05-2024 14:35,10,NCR,NAGORE,KIK,KARAIKAL,0 days 00:25:00
6919,UBL-BJP SPL,15-05-2024 13:21,247,UBL,HUBLI JN.,BJP,BIJAPUR JN,0 days 06:56:00
6920,BJP-UBL SPL,15-05-2024 20:21,248,BJP,BIJAPUR JN,UBL,HUBLI JN.,0 days 06:51:00
7005,HYB-RXL,15-05-2024 17:30,2276,HYB,HYDERABAD DECCAN,RXL,RAXAUL JN.,0 days 04:00:00
7006,RXL-HYB,15-05-2024 23:15,2297,RXL,RAXAUL JN.,HYB,HYDERABAD DECCAN,0 days 21:45:00
7007,SC-DBG,15-05-2024 13:45,2023,SC,SECUNDERABAD JN.,DBG,DARBHANGA JN.,0 days 08:15:00
7008,DBG-SC,15-05-2024 22:10,2033,DBG,DARBHANGA JN.,SC,SECUNDERABAD JN.,0 days 17:10:00
7016,KCG-VSKP,15-05-2024 07:50,670,KCG,KACHEGUDA,VSKP,VISAKHAPATNAM,0 days 10:55:00
7044,VSKP HSP,15-05-2024 07:50,735,TPTY,TIRUPATI,VSKP,VISAKHAPATNAM,0 days 08:55:00
7061,COA-VLNK,15-05-2024 13:30,217,COA,KAKINADA PORT,BZA,VIJAYWADA JN.,0 days 04:30:00
7062,VLNK-BZA,15-05-2024 03:30,437,BZA,VIJAYWADA JN.,COA,KAKINADA PORT,0 days 11:30:00
7075,HYB-COA,15-05-2024 05:30,554,SC,SECUNDERABAD JN.,CCT,KAKINADA TOWN,0 days 13:50:00
7076,COA-HYB,15-05-2024 06:00,553,CCT,KAKINADA TOWN,SC,SECUNDERABAD JN.,0 days 12:10:00
7109,HYB-QLN,15-05-2024 23:10,1589,HYB,HYDERABAD DECCAN,QLN,QUILON,0 days 07:15:00
7110,QLN-HYB,15-05-2024 10:30,1593,QLN,QUILON,HYB,HYDERABAD DECCAN,0 days 08:15:00
7113,KRMR-QLN,15-05-2024 23:10,1543,KRMR,KARIM NAGAR,QLN,QUILON,0 days 07:10:00
7133,HYB-GNT-QLN,15-05-2024 23:10,1508,HYB,HYDERABAD DECCAN,QLN,QUILON,0 days 07:40:00
7134,QLN-GNT-HYB,15-05-2024 10:30,1511,QLN,QUILON,HYB,HYDERABAD DECCAN,0 days 08:15:00
7141,HYB-QLN,15-05-2024 23:10,1560,HYB,HYDERABAD DECCAN,QLN,QUILON,0 days 06:55:00
7142,QLN-HYB,15-05-2024 08:30,1563,QLN,QUILON,HYB,HYDERABAD DECCAN,0 days 06:15:00
7146,TPTY-KCG,15-05-2024 06:30,763,TPTY,TIRUPATI,KCG,KACHEGUDA,0 days 10:30:00
7149,SC-GHY HSP,15-05-2024 08:45,2563,SC,SECUNDERABAD JN.,GHY,GUWAHATI,0 days 01:15:00
7211,CCT-QLN,15-05-2024 06:30,1433,CCT,KAKINADA TOWN,QLN,QUILON,0 days 17:20:00
7212,QLN-COA,15-05-2024 13:30,1436,QLN,QUILON,CCT,KAKINADA TOWN,0 days 04:00:00
7213,BZA-QLN,15-05-2024 06:30,1221,BZA,VIJAYWADA JN.,QLN,QUILON,0 days 02:30:00
7214,QLN-BZA,15-05-2024 09:35,1226,QLN,QUILON,BZA,VIJAYWADA JN.,0 days 00:05:00
7217,NS-QLN,15-05-2024 06:30,1360,NS,NARASAPUR,QLN,QUILON,0 days 17:20:00
7218,QLN-NS,15-05-2024 13:45,1363,QLN,QUILON,NS,NARASAPUR,0 days 04:15:00
7410,TPTY-AK,15-05-2024 09:30,1147,TPTY,TIRUPATI,AWB,AURANGABAD,0 days 00:15:00
7417,TPTY-NSL HSP,15-05-2024 11:55,1330,TPTY,TIRUPATI,NSL,NAGARSOL,0 days 04:25:00
7418,NSL-TPTY HSP,15-05-2024 04:00,1331,NSL,NAGARSOL,TPTY,TIRUPATI,0 days 18:00:00
7425,KCG--COA HSP,15-05-2024 06:00,537,KCG,KACHEGUDA,COA,KAKINADA PORT,0 days 12:45:00
7426,COA-KCG HSP,15-05-2024 05:10,537,COA,KAKINADA PORT,KCG,KACHEGUDA,0 days 12:40:00
7429,SC-TPTY,15-05-2024 07:00,742,SC,SECUNDERABAD JN.,TPTY,TIRUPATI,0 days 11:30:00
7430,TPTY-SC,15-05-2024 04:00,744,TPTY,TIRUPATI,SC,SECUNDERABAD JN.,0 days 10:15:00
7431,CCT-TPTY,15-05-2024 07:10,597,CCT,KAKINADA TOWN,TPTY,TIRUPATI,0 days 13:00:00
7432,TPTY-CCT,15-05-2024 04:00,597,TPTY,TIRUPATI,CCT,KAKINADA TOWN,0 days 13:00:00
7435,COA-HYB,15-05-2024 06:00,555,CCT,KAKINADA TOWN,SC,SECUNDERABAD JN.,0 days 12:00:00
7436,SC-COA,15-05-2024 07:20,554,SC,SECUNDERABAD JN.,CCT,KAKINADA TOWN,0 days 11:55:00
7438,KCG-TATA HSP,15-05-2024 19:45,1533,KCG,KACHEGUDA,TATA,TATANAGAR JN,0 days 06:45:00
7439,TATA-KCG HSP,15-05-2024 05:00,1533,TATA,TATANAGAR JN,KCG,KACHEGUDA,0 days 17:50:00
7487,TPTY-VSKP,15-05-2024 10:45,735,TPTY,TIRUPATI,VSKP,VISAKHAPATNAM,0 days 11:45:00
7505,AWB-QLN,15-05-2024 03:45,1973,AWB,AURANGABAD,QLN,QUILON,0 days 07:15:00
7509,ADB-QLN,15-05-2024 03:45,1886,ADB,ADILABAD,QLN,QUILON,0 days 09:40:00
7517,BIDAR-PVR,15-05-2024 07:45,350,BIDR,BIDAR,PVR,PANDHARPUR,0 days 14:45:00
7525,NJP - NBQ DE,15-05-2024 21:15,322,SGUJ,SILIGURI JN.,NBQ,NEW BONGAIGAON  JN.,0 days 09:15:00
7526,NBQ - NJP DE,15-05-2024 15:00,322,NBQ,NEW BONGAIGAON  JN.,SGUJ,SILIGURI JN.,0 days 10:00:00
7603,KCG-KJM HSP,15-05-2024 06:00,624,KCG,KACHEGUDA,KJM,KRISHNA RAJA PURAM,0 days 12:00:00
7604,KJM-KCG HSP,15-05-2024 06:55,624,KJM,KRISHNA RAJA PURAM,KCG,KACHEGUDA,0 days 08:30:00
7607,NED-TPTY HOL,15-05-2024 14:00,1014,NED,NANDED,TPTY,TIRUPATI,0 days 04:45:00
7608,TPTY-NED,15-05-2024 11:30,1016,TPTY,TIRUPATI,NED,NANDED,0 days 04:15:00
7613,sabarimalai,15-05-2024 23:10,1636,NZB,NIZAMABAD,QLN,QUILON,0 days 11:00:00
7614,sabarimalai,15-05-2024 13:15,1641,QLN,QUILON,NZB,NIZAMABAD,0 days 11:00:00
7644,tpty spl,15-05-2024 07:45,597,CCT,KAKINADA TOWN,TPTY,TIRUPATI,0 days 12:25:00
7645,RU-CCT,15-05-2024 08:15,587,RU,RENIGUNTA JN.,CCT,KAKINADA TOWN,0 days 14:45:00
7757,SC-BZA  SPL,15-05-2024 10:45,314,SC,SECUNDERABAD JN.,BZA,VIJAYWADA JN.,0 days 05:15:00
7758,BZA-SC  SPL,15-05-2024 22:50,314,BZA,VIJAYWADA JN.,SC,SECUNDERABAD JN.,0 days 05:20:00
7941,CCT-TPTY HSP,15-05-2024 06:00,587,CCT,KAKINADA TOWN,RU,RENIGUNTA JN.,0 days 13:00:00
7942,TPTY-COASPL,15-05-2024 05:30,597,TPTY,TIRUPATI,CCT,KAKINADA TOWN,0 days 13:30:00
8001,KGP-JGM BI-W,15-05-2024 10:45,39,KGP,KHARAGPUR,JGM,JHARGRAM,0 days 00:35:00
8002,JGM-KGP BI-W,15-05-2024 19:10,39,JGM,JHARGRAM,KGP,KHARAGPUR,0 days 00:45:00
8014,MDN-KGP MEMU,15-05-2024 09:05,12,MDN,MIDNAPORE,KGP,KHARAGPUR,0 days 00:40:00
8017,KGP-JGM MEMU,15-05-2024 06:00,39,KGP,KHARAGPUR,JGM,JHARGRAM,0 days 00:50:00
8018,JGM-KGP MEMU,15-05-2024 22:35,39,JGM,JHARGRAM,KGP,KHARAGPUR,0 days 00:55:00
8035,BLS - KGP DE,15-05-2024 15:10,120,KGP,KHARAGPUR,BLS,BALASORE,0 days 02:55:00
8036,BLS - KGP ME,15-05-2024 18:20,120,BLS,BALASORE,KGP,KHARAGPUR,0 days 03:00:00
8051,KGP JGM MEMU,15-05-2024 06:34,39,KGP,KHARAGPUR,JGM,JHARGRAM,0 days 00:29:00
8052,JGM KGP MEMU,15-05-2024 19:20,39,JGM,JHARGRAM,KGP,KHARAGPUR,0 days 00:45:00
8061,SHM JP SPL W,15-05-2024 06:35,1847,SHM,SHALIMAR,JP,JAIPUR JN.,0 days 13:45:00
8062,JP SHM SPL W,15-05-2024 23:20,1838,JP,JAIPUR JN.,SHM,SHALIMAR,0 days 10:35:00
8063,KGP-BQA DEMU,15-05-2024 22:00,115,KGP,KHARAGPUR,BQA,BANKURA,0 days 03:00:00
8064,BQA-KGP DEMU,15-05-2024 09:10,2039,BQA,BANKURA,KGP,KHARAGPUR,0 days 08:10:00
8065,KGP-BQA MEMU,15-05-2024 17:50,115,KGP,KHARAGPUR,BQA,BANKURA,0 days 02:40:00
8082,BQA-VSU MEMU,15-05-2024 22:50,30,BQA,BANKURA,VSU,BISHNUPUR,0 days 00:30:00
8087,VSU-BQA MEMU,15-05-2024 07:23,30,VSU,BISHNUPUR,BQA,BANKURA,0 days 00:28:00
8101,CBSA CKP DEM,15-05-2024 22:35,40,CBSA,CHAIBASA,CKP,CHAKARADHARPUR,0 days 01:20:00
8102,CKP-CBSA DEM,15-05-2024 20:55,40,CKP,CHAKARADHARPUR,CBSA,CHAIBASA,0 days 00:55:00
8301,SBP-BAND WEE,15-05-2024 16:40,1567,SBP,SAMBALPUR JN.,BAND,BANASWADI,0 days 07:10:00
8302,BAND-SBP WEE,15-05-2024 06:35,1567,BAND,BANASWADI,SBP,SAMBALPUR JN.,0 days 06:05:00
8403,PURI-SRC WEE,15-05-2024 06:45,495,PURI,PURI,SRC,SANTRAGACHI JN.,0 days 14:40:00
8404,SRC-PURI WEE,15-05-2024 04:00,497,SRC,SANTRAGACHI JN.,PURI,PURI,0 days 15:10:00
8501,VSKP SC WEEK,15-05-2024 12:00,700,VSKP,VISAKHAPATNAM,SC,SECUNDERABAD JN.,0 days 11:00:00
8502,SC VSKP SPEC,15-05-2024 04:50,698,SC,SECUNDERABAD JN.,VSKP,VISAKHAPATNAM,0 days 11:40:00
8511,KRDL-VSKP SP,15-05-2024 03:00,471,KRDL,KIRANDUL,VSKP,VISAKHAPATNAM,0 days 12:00:00
8512,VSKP-KRDL SP,15-05-2024 10:00,471,VSKP,VISAKHAPATNAM,KRDL,KIRANDUL,0 days 12:15:00
8567,VSKP-QLN BI-,15-05-2024 03:45,1571,VSKP,VISAKHAPATNAM,QLN,QUILON,0 days 19:15:00
8568,QLN-VSKP BI-,15-05-2024 12:30,1578,QLN,QUILON,VSKP,VISAKHAPATNAM,0 days 06:45:00
8573,VSKP-TPTY WE,15-05-2024 13:25,760,VSKP,VISAKHAPATNAM,TPTY,TIRUPATI,0 days 09:30:00
8574,TPTY-VSKP SP,15-05-2024 06:50,759,TPTY,TIRUPATI,VSKP,VISAKHAPATNAM,0 days 08:40:00
8581,BPQ CAF PASS,15-05-2024 23:50,11,BPQ,BALHARSHAH,CAF,CHANDAFORT,0 days 00:20:00
8582,CAF BPQ SPL,15-05-2024 05:00,11,CAF,CHANDAFORT,BPQ,BALHARSHAH,0 days 00:15:00
8617,RNC ANVT SPL,15-05-2024 13:55,1365,RNC,RANCHI,ANVT,ANAND VIHAR TERMINAL,0 days 00:10:00
8618,ANVT RNC SPL,15-05-2024 22:30,1356,ANVT,ANAND VIHAR TERMINAL,RNC,RANCHI,0 days 00:20:00
8627,HWH RNC SPL,15-05-2024 22:10,484,HWH,HOWRAH JN.,RNC,RANCHI,0 days 09:20:00
8628,RNC HWH  SPL,15-05-2024 15:15,481,RNC,RANCHI,HWH,HOWRAH JN.,0 days 09:30:00
8872,DURG-G PASS,15-05-2024 00:15,133,DURG,DURG,G,GONDIA JN.,0 days 21:15:00
9003,BDTS NZM  SF,15-05-2024 06:00,1355,BDTS,BANDRA TERMINUS,NZM,HAZRAT NIZAMUDDIN JN,0 days 10:05:00
9004,NZM  BDTS SF,15-05-2024 06:10,1358,NZM,HAZRAT NIZAMUDDIN JN,BDTS,BANDRA TERMINUS,0 days 10:05:00
9005,BCT NDLS BI,15-05-2024 07:55,1373,BCT,MUMBAI CENTRAL,NDLS,NEW DELHI,0 days 08:05:00
9006,NDLS BCT BI,15-05-2024 06:55,1376,NDLS,NEW DELHI,BCT,MUMBAI CENTRAL,0 days 07:55:00
9011,BDTS BKN WEE,15-05-2024 09:25,1209,BDTS,BANDRA TERMINUS,BKN,BIKANER JN.,0 days 01:50:00
9012,BKN BDTS WEE,15-05-2024 12:45,1211,BKN,BIKANER JN.,BDTS,BANDRA TERMINUS,0 days 02:05:00
9433,BDTS GIMB WE,15-05-2024 13:50,780,BDTS,BANDRA TERMINUS,GIMB,GANDHIDHAM JN.,0 days 13:25:00
9434,GIMB BDTS WE,15-05-2024 06:15,780,GIMB,GANDHIDHAM JN.,BDTS,BANDRA TERMINUS,0 days 10:20:00
9621,AII BDTS SF,15-05-2024 04:45,1281,AII,AJMER JN.,BDTS,BANDRA TERMINUS,0 days 01:45:00
9622,BDTS AII SF,15-05-2024 03:25,1281,BDTS,BANDRA TERMINUS,AII,AJMER JN.,0 days 02:50:00
9721,JP UDZ SF SP,15-05-2024 13:30,429,JP,JAIPUR JN.,UDZ,UDAIPUR CITY,0 days 07:15:00
9722,UDZ JP SF SP,15-05-2024 22:05,429,UDZ,UDAIPUR CITY,JP,JAIPUR JN.,0 days 07:00:00
9761,SGNR-SOG SPL,15-05-2024 07:05,125,SGNR,SHRI GANGANAGAR,SOG,SURATGARH JN.,0 days 02:45:00
9809,KOTA-NZM DAI,15-05-2024 04:20,447,KOTA,KOTA,NZM,HAZRAT NIZAMUDDIN JN,0 days 16:50:00
9810,NZM-KOTA DAI,15-05-2024 13:15,450,NZM,HAZRAT NIZAMUDDIN JN,KOTA,KOTA,0 days 08:00:00
